{
  "base_model": {
    "performance": {
      "generation_time": {
        "mean": 4.396965845425924,
        "median": 3.8678231239318848,
        "std": 1.2362273686217744,
        "p95": 6.406744050979614,
        "p99": 7.958239357471468,
        "min": 1.8601431846618652,
        "max": 8.557621002197266,
        "data": [
          6.30402398109436,
          6.490787744522095,
          5.091609477996826,
          3.6867165565490723,
          3.6491539478302,
          4.380711317062378,
          3.6062028408050537,
          3.606351137161255,
          3.622931480407715,
          5.447950601577759,
          3.876920223236084,
          4.234177827835083,
          4.9094297885894775,
          8.557621002197266,
          4.431046724319458,
          3.649005651473999,
          5.516580104827881,
          3.673240900039673,
          3.710460901260376,
          4.764054775238037,
          3.7274091243743896,
          3.8587260246276855,
          3.7908427715301514,
          3.812897205352783,
          1.8601431846618652,
          6.205563068389893,
          3.6457207202911377,
          4.142675161361694,
          4.030715465545654,
          3.625305652618408
        ]
      },
      "tokens_per_second": {
        "mean": 23.557252227743675,
        "median": 25.854479376835588,
        "std": 4.513268587550436,
        "data": [
          15.862883818319531,
          15.406450485828177,
          19.640155128186038,
          27.12440689869697,
          27.403612297436876,
          22.827343041416867,
          27.72999867574722,
          27.72885839361587,
          27.601957293640638,
          18.355526199345384,
          25.793669779598797,
          23.617335895202487,
          20.36896428021448,
          11.68549062576198,
          22.56803103681072,
          27.40472598599716,
          18.12717265040422,
          27.22391553435005,
          26.950829738168597,
          20.990522720218614,
          26.8282865291274,
          25.91528897407238,
          26.379358371446145,
          26.226775759811662,
          26.879651207650955,
          16.114573149595948,
          27.429418672534595,
          24.13899137752574,
          24.80949123171675,
          27.58388107986816
        ]
      },
      "output_tokens": {
        "mean": 98.33333333333333,
        "median": 100.0,
        "std": 8.975274678557508,
        "data": [
          100,
          100,
          100,
          100,
          100,
          100,
          100,
          100,
          100,
          100,
          100,
          100,
          100,
          100,
          100,
          100,
          100,
          100,
          100,
          100,
          100,
          100,
          100,
          100,
          50,
          100,
          100,
          100,
          100,
          100
        ]
      }
    },
    "quality": {
      "syntax_accuracy": {
        "mean": 1.0,
        "total_valid": 30.0,
        "total_queries": 30,
        "data": [
          1.0,
          1.0,
          1.0,
          1.0,
          1.0,
          1.0,
          1.0,
          1.0,
          1.0,
          1.0,
          1.0,
          1.0,
          1.0,
          1.0,
          1.0,
          1.0,
          1.0,
          1.0,
          1.0,
          1.0,
          1.0,
          1.0,
          1.0,
          1.0,
          1.0,
          1.0,
          1.0,
          1.0,
          1.0,
          1.0
        ]
      },
      "structural_similarity": {
        "mean": 0.8797619047619049,
        "median": 0.875,
        "std": 0.12137020072317078,
        "data": [
          0.8571428571428571,
          0.875,
          0.8571428571428571,
          0.875,
          1.0,
          0.8571428571428571,
          0.875,
          0.875,
          0.625,
          0.7142857142857143,
          0.875,
          1.0,
          0.625,
          0.875,
          0.5714285714285714,
          1.0,
          1.0,
          0.8571428571428571,
          0.875,
          0.8571428571428571,
          0.875,
          1.0,
          0.8571428571428571,
          1.0,
          0.7142857142857143,
          1.0,
          1.0,
          1.0,
          1.0,
          1.0
        ]
      }
    },
    "model_info": {
      "model_name": "base_model",
      "model_type": "Phi3ForCausalLM",
      "dtype": "torch.float16",
      "device": "cuda:0",
      "attention_impl": "flash_attention_2"
    }
  },
  "finetuned_model": {
    "performance": {
      "generation_time": {
        "mean": 4.659788775444031,
        "median": 3.8890267610549927,
        "std": 1.2767805462776574,
        "p95": 7.102669084072112,
        "p99": 8.317325308322907,
        "min": 3.683830738067627,
        "max": 8.734366178512573,
        "data": [
          5.72342324256897,
          3.953843355178833,
          3.7222278118133545,
          3.734351396560669,
          3.7033238410949707,
          6.866016149520874,
          5.241345167160034,
          3.7428159713745117,
          3.7651331424713135,
          3.719045639038086,
          3.7309887409210205,
          3.683830738067627,
          3.7208445072174072,
          5.828051567077637,
          4.5404441356658936,
          4.905476331710815,
          4.909373760223389,
          5.122325897216797,
          4.053930997848511,
          3.70279598236084,
          3.730928659439087,
          5.9951841831207275,
          7.296294212341309,
          3.7656657695770264,
          3.709784984588623,
          3.8242101669311523,
          3.781531572341919,
          4.577196359634399,
          6.008912801742554,
          8.734366178512573
        ]
      },
      "tokens_per_second": {
        "mean": 22.746990631471817,
        "median": 25.720518576253333,
        "std": 4.829578192118689,
        "data": [
          17.472060995984425,
          25.29184669620706,
          26.865631298177608,
          26.778411933086915,
          27.00276948246383,
          14.564486570131098,
          19.079071652551345,
          26.71785114865693,
          26.55948573822895,
          26.888618668811105,
          26.802546709190633,
          27.145655463110536,
          26.875619178933093,
          17.158393135176574,
          22.02427714383368,
          20.38538018287092,
          20.3691967415921,
          19.522381435030276,
          24.667415418040335,
          27.006618910783654,
          26.802978327394268,
          16.680054681480378,
          13.705587670910408,
          26.55572908458957,
          26.95574013465068,
          26.149190456299603,
          26.44431180514237,
          21.847435011065908,
          16.641945606366683,
          11.449027663393613
        ]
      },
      "output_tokens": {
        "mean": 100.0,
        "median": 100.0,
        "std": 0.0,
        "data": [
          100,
          100,
          100,
          100,
          100,
          100,
          100,
          100,
          100,
          100,
          100,
          100,
          100,
          100,
          100,
          100,
          100,
          100,
          100,
          100,
          100,
          100,
          100,
          100,
          100,
          100,
          100,
          100,
          100,
          100
        ]
      }
    },
    "quality": {
      "syntax_accuracy": {
        "mean": 1.0,
        "total_valid": 30.0,
        "total_queries": 30,
        "data": [
          1.0,
          1.0,
          1.0,
          1.0,
          1.0,
          1.0,
          1.0,
          1.0,
          1.0,
          1.0,
          1.0,
          1.0,
          1.0,
          1.0,
          1.0,
          1.0,
          1.0,
          1.0,
          1.0,
          1.0,
          1.0,
          1.0,
          1.0,
          1.0,
          1.0,
          1.0,
          1.0,
          1.0,
          1.0,
          1.0
        ]
      },